episodeId,character_name
1,Eddard Stark
1,Robert Baratheon
1,Jaime Lannister
1,Catelyn Stark
1,Cersei Lannister
1,Daenerys Targaryen
1,Jorah Mormont
1,Viserys Targaryen
1,Jon Snow
1,Sansa Stark
1,Arya Stark
1,Robb Stark
1,Theon Greyjoy
1,Bran Stark
1,Joffrey Baratheon
1,Sandor Clegane
1,Tyrion Lannister
1,Drogo
1,Luwin
1,Jory Cassel
1,Rodrik Cassel
1,Benjen Stark
1,Illyrio Mopatis
1,Qotho
1,Ros
1,Mordane
1,Will
1,Jon Arryn
1,Waymar Royce
1,Gared
1,Rickon Stark
1,Tommen Baratheon
1,Myrcella Baratheon
1,Hodor
1,Pentoshi servant
1,White Walker (Winter is Coming)
1,White Walker (Winter is Coming)
1,Wildling girl
1,Mago
1,Tommy
1,Mikken
2,Eddard Stark
2,Robert Baratheon
2,Jaime Lannister
2,Catelyn Stark
2,Cersei Lannister
2,Daenerys Targaryen
2,Jorah Mormont
2,Viserys Targaryen
2,Jon Snow
2,Sansa Stark
2,Arya Stark
2,Robb Stark
2,Theon Greyjoy
2,Bran Stark
2,Joffrey Baratheon
2,Sandor Clegane
2,Tyrion Lannister
2,Drogo
2,Luwin
2,Jory Cassel
2,Rodrik Cassel
2,Benjen Stark
2,Doreah
2,Qotho
2,Irri
2,Jhiqui
2,Ilyn Payne
2,Mycah
2,Rast
2,Catspaw assassin
2,Lannister guardsman (The Kingsroad)
2,Tommen Baratheon
2,Myrcella Baratheon
2,Mikken
3,Eddard Stark
3,Robert Baratheon
3,Jaime Lannister
3,Catelyn Stark
3,Cersei Lannister
3,Daenerys Targaryen
3,Jorah Mormont
3,Petyr Baelish
3,Viserys Targaryen
3,Jon Snow
3,Sansa Stark
3,Arya Stark
3,Bran Stark
3,Robb Stark
3,Joffrey Baratheon
3,Tyrion Lannister
3,Drogo
3,Varys
3,Jeor Mormont
3,Alliser Thorne
3,Jory Cassel
3,Barristan Selmy
3,Rodrik Cassel
3,Benjen Stark
3,Yoren
3,Pycelle
3,Renly Baratheon
3,Aemon
3,Syrio Forel
3,Old Nan
3,Mordane
3,Royal Steward
3,Grenn
3,Pypar
3,Rast
3,Rakharo
3,Irri
3,Lancel
3,Drunk man
3,Goldcloak 1 (Lord Snow)
3,Goldcloak 2 (Lord Snow)
3,King's Landing whore (Lord Snow)
4,Eddard Stark
4,Robert Baratheon
4,Jaime Lannister
4,Catelyn Stark
4,Cersei Lannister
4,Daenerys Targaryen
4,Jorah Mormont
4,Petyr Baelish
4,Viserys Targaryen
4,Jon Snow
4,Sansa Stark
4,Arya Stark
4,Robb Stark
4,Theon Greyjoy
4,Bran Stark
4,Joffrey Baratheon
4,Sandor Clegane
4,Tyrion Lannister
4,Drogo
4,Luwin
4,Varys
4,Bronn
4,Alliser Thorne
4,Jory Cassel
4,Rodrik Cassel
4,Yoren
4,Barristan Selmy
4,Janos Slynt
4,Pycelle
4,Renly Baratheon
4,Marillion
4,Mordane
4,Old Nan
4,Samwell Tarly
4,Grenn
4,Pypar
4,Rast
4,Gregor Clegane
4,Irri
4,Doreah
4,Hodor
4,Hugh
4,Gendry
4,Tobho Mott
4,Tommen Baratheon
4,Myrcella Baratheon
4,Kurleket
4,Knight of House Frey
4,Willis Wode
4,Masha Heddle
4,Lancel
5,Eddard Stark
5,Robert Baratheon
5,Jaime Lannister
5,Catelyn Stark
5,Cersei Lannister
5,Petyr Baelish
5,Sansa Stark
5,Arya Stark
5,Theon Greyjoy
5,Bran Stark
5,Joffrey Baratheon
5,Sandor Clegane
5,Tyrion Lannister
5,Luwin
5,Varys
5,Jory Cassel
5,Rodrik Cassel
5,Bronn
5,Yoren
5,Barristan Selmy
5,Lysa Arryn
5,Pycelle
5,Renly Baratheon
5,Illyrio Mopatis
5,Marillion
5,Loras
5,Gregor Clegane
5,Mord
5,Mordane
5,Ros
5,Hugh
5,Robin Arryn
5,Vardis Egen
5,Royal Steward
5,Goldcloak 1 (The Wolf and the Lion)
5,Kurleket
5,Willis Wode
5,Lancel
5,Mhaegen
5,King's Landing whore (Lord Snow)
5,Tommen Baratheon
5,Myrcella Baratheon
6,Eddard Stark
6,Robert Baratheon
6,Catelyn Stark
6,Cersei Lannister
6,Daenerys Targaryen
6,Jorah Mormont
6,Petyr Baelish
6,Viserys Targaryen
6,Robb Stark
6,Sansa Stark
6,Arya Stark
6,Theon Greyjoy
6,Bran Stark
6,Joffrey Baratheon
6,Tyrion Lannister
6,Drogo
6,Bronn
6,Rodrik Cassel
6,Barristan Selmy
6,Loras
6,Lysa Arryn
6,Pycelle
6,Renly Baratheon
6,Marillion
6,Syrio Forel
6,Mord
6,Mordane
6,Osha
6,Robin Arryn
6,Ros
6,Irri
6,Doreah
6,Hodor
6,Vardis Egen
6,Rakharo
6,Qotho
6,Lancel
6,Dothraki crone
6,Joss (A Golden Crown)
6,Stiv
6,Knight of House Lynderly
6,Eon Hunter
6,Wallen
6,Beric Dondarrion
7,Eddard Stark
7,Robert Baratheon
7,Jaime Lannister
7,Cersei Lannister
7,Daenerys Targaryen
7,Jorah Mormont
7,Petyr Baelish
7,Jon Snow
7,Theon Greyjoy
7,Joffrey Baratheon
7,Sandor Clegane
7,Drogo
7,Luwin
7,Varys
7,Jeor Mormont
7,Alliser Thorne
7,Tywin Lannister
7,Barristan Selmy
7,Samwell Tarly
7,Aemon
7,Pycelle
7,Renly Baratheon
7,Janos Slynt
7,Osha
7,Ros
7,Grenn
7,Pypar
7,Rast
7,Irri
7,Doreah
7,Rakharo
7,Qotho
7,Royal Steward
7,Wineseller
7,Armeca
7,Varly
7,Othell Yarwyck
7,Jaremy Rykker
7,Night's Watch Officer 2
7,Tomard
7,Little Bird (You Win or You Die)
8,Eddard Stark
8,Catelyn Stark
8,Cersei Lannister
8,Daenerys Targaryen
8,Jorah Mormont
8,Petyr Baelish
8,Jon Snow
8,Robb Stark
8,Sansa Stark
8,Arya Stark
8,Theon Greyjoy
8,Bran Stark
8,Joffrey Baratheon
8,Sandor Clegane
8,Tyrion Lannister
8,Drogo
8,Luwin
8,Varys
8,Bronn
8,Jeor Mormont
8,Alliser Thorne
8,Rodrik Cassel
8,Tywin Lannister
8,Barristan Selmy
8,Samwell Tarly
8,Pycelle
8,Syrio Forel
8,Lysa Arryn
8,Janos Slynt
8,Osha
8,Mordane
8,Jon Umber
8,Grenn
8,Pypar
8,Rast
8,Shagga
8,Mirri Maz Duur
8,Irri
8,Doreah
8,Hodor
8,Rakharo
8,Qotho
8,Royal Steward
8,Kevan Lannister
8,Robin Arryn
8,Rickon Stark
8,Meryn Trant
8,Lannister messenger
8,Vayon Poole
8,Night's Watch messenger
8,Othell Yarwyck
8,Lannister scout
8,Stark guard (The Pointy End)
8,Stableboy
8,Mago
8,Galbart Glover
8,Maege Mormont
8,Timett
8,Chella
8,Night's Watch Officer 2
9,Eddard Stark
9,Catelyn Stark
9,Jaime Lannister
9,Cersei Lannister
9,Daenerys Targaryen
9,Jorah Mormont
9,Petyr Baelish
9,Jon Snow
9,Robb Stark
9,Sansa Stark
9,Arya Stark
9,Theon Greyjoy
9,Joffrey Baratheon
9,Sandor Clegane
9,Tyrion Lannister
9,Drogo
9,Varys
9,Bronn
9,Jeor Mormont
9,Rodrik Cassel
9,Tywin Lannister
9,Yoren
9,Samwell Tarly
9,Pycelle
9,Aemon
9,Shae
9,Walder Frey
9,Jon Umber
9,Ilyn Payne
9,Grenn
9,Pypar
9,Rast
9,Shagga
9,Mirri Maz Duur
9,Irri
9,Doreah
9,Rakharo
9,Qotho
9,Kevan Lannister
9,King's Landing baker
9,Night's Watchman (Baelor)
9,Stevron Frey
9,Ryger Rivers
9,King's Landing urchin
9,Maege Mormont
9,Leo Lefford
9,Janos Slynt
9,Joyeuse Erenford
9,Timett
9,Chella
9,Night's Watch messenger
10,Eddard Stark
10,Catelyn Stark
10,Jaime Lannister
10,Cersei Lannister
10,Daenerys Targaryen
10,Jorah Mormont
10,Petyr Baelish
10,Jon Snow
10,Robb Stark
10,Sansa Stark
10,Arya Stark
10,Theon Greyjoy
10,Bran Stark
10,Joffrey Baratheon
10,Sandor Clegane
10,Tyrion Lannister
10,Drogo
10,Luwin
10,Varys
10,Bronn
10,Jeor Mormont
10,Rodrik Cassel
10,Tywin Lannister
10,Yoren
10,Samwell Tarly
10,Pycelle
10,Marillion
10,Shae
10,Osha
10,Ros
10,Jon Umber
10,Ilyn Payne
10,Grenn
10,Pypar
10,Mirri Maz Duur
10,Irri
10,Rakharo
10,Kevan Lannister
10,Hodor
10,Lancel
10,Gendry
10,Hot Pie
10,Lommy
10,Rickon Stark
10,Meryn Trant
10,Rickard Karstark
10,Jonos Bracken
10,Leo Lefford
10,Addam Marbrand
10,Stark guard (Fire and Blood)
10,Galbart Glover
10,Maege Mormont
11,Tyrion Lannister
11,Cersei Lannister
11,Jaime Lannister
11,Catelyn Stark
11,Daenerys Targaryen
11,Petyr Baelish
11,Jorah Mormont
11,Jon Snow
11,Davos Seaworth
11,Bran Stark
11,Robb Stark
11,Sansa Stark
11,Arya Stark
11,Theon Greyjoy
11,Samwell Tarly
11,Joffrey Baratheon
11,Sandor Clegane
11,Stannis Baratheon
11,Melisandre
11,Jeor Mormont
11,Bronn
11,Varys
11,Shae
11,Rodrik Cassel
11,Craster
11,Osha
11,Cressen
11,Grenn
11,Eddison Tollett
11,Gendry
11,Hot Pie
11,Lommy
11,Doreah
11,Irri
11,Rakharo
11,Kovarro
11,Hodor
11,Ros
11,Janos Slynt
11,Matthos Seaworth
11,Dontos Hollard
11,Gilly
11,Alton Lannister
11,Meryn Trant
11,Northern Lord
11,Armeca
11,Daisy
11,Mhaegen
11,Tommen Baratheon
11,Myrcella Baratheon
11,Tobho Mott
11,Chella
11,Portan
11,Tourney Herald
11,Marei
11,Male prostitute
11,Timett
11,Night's Watch Officer 2
11,Selyse Baratheon
12,Tyrion Lannister
12,Cersei Lannister
12,Daenerys Targaryen
12,Petyr Baelish
12,Jorah Mormont
12,Jon Snow
12,Davos Seaworth
12,Theon Greyjoy
12,Arya Stark
12,Stannis Baratheon
12,Melisandre
12,Bronn
12,Varys
12,Samwell Tarly
12,Shae
12,Craster
12,Balon Greyjoy
12,Yoren
12,Janos Slynt
12,Jaqen H'ghar
12,Gendry
12,Grenn
12,Eddison Tollett
12,Doreah
12,Irri
12,Kovarro
12,Hot Pie
12,Lommy
12,Ros
12,Rorge
12,Yara Greyjoy
12,Matthos Seaworth
12,Salladhor Saan
12,Gilly
12,Alton Lannister
12,Captain's daughter
12,Armeca
12,Lordsport dockhand
12,Biter
12,Podrick Payne
12,White Walker (The Night Lands)
12,Goldcloak on the Kingsroad
12,Ros' dissatisfied customer
12,Marei
12,Male prostitute
12,Night's Watch Officer 2
13,Tyrion Lannister
13,Cersei Lannister
13,Catelyn Stark
13,Petyr Baelish
13,Jon Snow
13,Theon Greyjoy
13,Bran Stark
13,Sansa Stark
13,Arya Stark
13,Samwell Tarly
13,Margaery Tyrell
13,Jeor Mormont
13,Bronn
13,Varys
13,Shae
13,Luwin
13,Rodrik Cassel
13,Craster
13,Balon Greyjoy
13,Yoren
13,Renly Baratheon
13,Gendry
13,Jaqen H'ghar
13,Brienne of Tarth
13,Loras
13,Hot Pie
13,Lommy
13,Yara Greyjoy
13,Hodor
13,Gilly
13,Amory Lorch
13,Polliver
13,Rorge
13,Biter
13,Drowned Priest
13,Myrcella Baratheon
13,Tommen Baratheon
13,Daisy
13,Timett
13,Gerald
13,Colen
13,Goldcloak on the Kingsroad
13,Night's Watch Officer 2
14,Tyrion Lannister
14,Catelyn Stark
14,Daenerys Targaryen
14,Petyr Baelish
14,Jorah Mormont
14,Tywin Lannister
14,Davos Seaworth
14,Joffrey Baratheon
14,Robb Stark
14,Sansa Stark
14,Arya Stark
14,Stannis Baratheon
14,Melisandre
14,Margaery Tyrell
14,Bronn
14,Sandor Clegane
14,Renly Baratheon
14,Spice King
14,Xaro Xhoan Daxos
14,Roose Bolton
14,Gendry
14,Lancel
14,Talisa Stark
14,Brienne of Tarth
14,Pyat Pree
14,Doreah
14,Irri
14,Kovarro
14,Hot Pie
14,Loras
14,Ros
14,Gregor Clegane
14,Meryn Trant
14,Dontos Hollard
14,The Tickler
14,Lannister guardsman (Garden of Bones)
14,Rennick
14,Polliver
14,Daisy
14,Old woman prisoner
14,Amory Lorch
14,Wounded Lannister
14,Tortured prisoner
14,Thirteen member
14,Weasel
15,Tyrion Lannister
15,Cersei Lannister
15,Catelyn Stark
15,Daenerys Targaryen
15,Petyr Baelish
15,Jorah Mormont
15,Jon Snow
15,Tywin Lannister
15,Davos Seaworth
15,Theon Greyjoy
15,Samwell Tarly
15,Bran Stark
15,Arya Stark
15,Stannis Baratheon
15,Margaery Tyrell
15,Jeor Mormont
15,Bronn
15,Luwin
15,Hallyne
15,Rodrik Cassel
15,Brienne of Tarth
15,Osha
15,Renly Baratheon
15,Pyat Pree
15,Jaqen H'ghar
15,Gendry
15,Lancel
15,Qhorin
15,Grenn
15,Loras
15,Eddison Tollett
15,Doreah
15,Irri
15,Kovarro
15,Xaro Xhoan Daxos
15,Yara Greyjoy
15,Hodor
15,Hot Pie
15,Dagmer
15,Lorren
15,Amory Lorch
15,Protestor
15,Quaithe
15,Reginald Lannister
15,Rickon Stark
15,Myrcella Baratheon
15,The Tickler
15,Winterfell shepherd
15,Qartheen woman
15,Thirteen member
15,Drennan
16,Tyrion Lannister
16,Cersei Lannister
16,Catelyn Stark
16,Daenerys Targaryen
16,Petyr Baelish
16,Jon Snow
16,Tywin Lannister
16,Bran Stark
16,Robb Stark
16,Sansa Stark
16,Arya Stark
16,Theon Greyjoy
16,Joffrey Baratheon
16,Shae
16,Sandor Clegane
16,Luwin
16,Rodrik Cassel
16,Osha
16,Roose Bolton
16,Xaro Xhoan Daxos
16,Spice King
16,Jaqen H'ghar
16,Ygritte
16,Brienne of Tarth
16,Talisa Stark
16,Qhorin
16,Dagmer
16,Meryn Trant
16,Amory Lorch
16,Lorren
16,Irri
16,Hodor
16,Kovarro
16,High Septon (Before the riot of King's Landing)
16,Farlen
16,Drennan
16,Myrcella Baratheon
16,Rickon Stark
16,Tommen Baratheon
16,King's Landing rioter 1
16,Lannister captain
16,King's Landing rioter 2
16,King's Landing rioter 3
16,Jacks
16,Quent
17,Tyrion Lannister
17,Cersei Lannister
17,Jaime Lannister
17,Catelyn Stark
17,Daenerys Targaryen
17,Jorah Mormont
17,Jon Snow
17,Tywin Lannister
17,Bran Stark
17,Robb Stark
17,Sansa Stark
17,Arya Stark
17,Theon Greyjoy
17,Shae
17,Sandor Clegane
17,Luwin
17,Pyat Pree
17,Spice King
17,Xaro Xhoan Daxos
17,Osha
17,Roose Bolton
17,Ygritte
17,Brienne of Tarth
17,Talisa Stark
17,Dagmer
17,Quaithe
17,Rickard Karstark
17,Alton Lannister
17,Lorren
17,Hodor
17,Kovarro
17,Gregor Clegane
17,Rickon Stark
17,Winterfell shepherd
17,Unidentified handmaiden
17,Theon's master of hounds
17,Thirteen member
17,Torrhen Karstark
17,Karstark soldier 1
17,Farlen
17,Drennan
17,Jacks
17,Karstark soldier 2
17,Stark guard (A Man Without Honor)
17,Quent
17,King's Landing rioter 1
18,Tyrion Lannister
18,Cersei Lannister
18,Jaime Lannister
18,Catelyn Stark
18,Daenerys Targaryen
18,Jorah Mormont
18,Jon Snow
18,Tywin Lannister
18,Davos Seaworth
18,Joffrey Baratheon
18,Bran Stark
18,Robb Stark
18,Arya Stark
18,Theon Greyjoy
18,Samwell Tarly
18,Stannis Baratheon
18,Shae
18,Bronn
18,Varys
18,Luwin
18,Osha
18,Talisa Stark
18,Roose Bolton
18,Jaqen H'ghar
18,Ygritte
18,Qhorin
18,Yara Greyjoy
18,Gendry
18,Brienne of Tarth
18,Dagmer
18,Kevan Lannister
18,Rickard Karstark
18,Grenn
18,Eddison Tollett
18,Hot Pie
18,Ros
18,Rorge
18,Kovarro
18,Lord of Bones
18,Hodor
18,Biter
18,Rickon Stark
18,Podrick Payne
18,Gregor Clegane
18,Matthos Seaworth
18,Stark messenger
18,Lannister torturer
18,Stark guard (A Man Without Honor)
18,Lannister captain
18,Lannister soldier (The Prince of Winterfell)
19,Tyrion Lannister
19,Cersei Lannister
19,Tywin Lannister
19,Davos Seaworth
19,Joffrey Baratheon
19,Sansa Stark
19,Sandor Clegane
19,Stannis Baratheon
19,Bronn
19,Varys
19,Shae
19,Hallyne
19,Pycelle
19,Lancel
19,Matthos Seaworth
19,Loras
19,Armeca
19,Dontos Hollard
19,Ilyn Payne
19,Singing Lannister soldier
19,Tommen Baratheon
19,Podrick Payne
19,Imry Florent
19,Mandon Moore
19,Baratheon officer
19,Captain of the archers (House Lannister)
20,Tyrion Lannister
20,Cersei Lannister
20,Jaime Lannister
20,Catelyn Stark
20,Daenerys Targaryen
20,Petyr Baelish
20,Jorah Mormont
20,Jon Snow
20,Tywin Lannister
20,Robb Stark
20,Bran Stark
20,Sansa Stark
20,Arya Stark
20,Theon Greyjoy
20,Samwell Tarly
20,Joffrey Baratheon
20,Margaery Tyrell
20,Stannis Baratheon
20,Melisandre
20,Varys
20,Shae
20,Drogo
20,Pyat Pree
20,Osha
20,Jaqen H'ghar
20,Qhorin
20,Brienne of Tarth
20,Ygritte
20,Xaro Xhoan Daxos
20,Gendry
20,Talisa Stark
20,Ros
20,Loras
20,Grenn
20,Eddison Tollett
20,Hot Pie
20,Dagmer
20,Doreah
20,Kovarro
20,Hodor
20,Rickon Stark
20,Lord of Bones
20,Lorren
20,Podrick Payne
20,Jaqen H'ghar
20,Stark soldier (Valar Morghulis)
20,Tom
20,Septon (Valar Morghulis)
20,White Walker (Valar Morghulis)
20,Rhaego
21,Tyrion Lannister
21,Cersei Lannister
21,Daenerys Targaryen
21,Jon Snow
21,Robb Stark
21,Jorah Mormont
21,Catelyn Stark
21,Petyr Baelish
21,Tywin Lannister
21,Davos Seaworth
21,Stannis Baratheon
21,Melisandre
21,Margaery Tyrell
21,Samwell Tarly
21,Joffrey Baratheon
21,Sansa Stark
21,Talisa Stark
21,Shae
21,Ygritte
21,Jeor Mormont
21,Bronn
21,Mance Rayder
21,Roose Bolton
21,Barristan Selmy
21,Loras
21,Qyburn
21,Tormund
21,Ros
21,Rickard Karstark
21,Salladhor Saan
21,Grenn
21,Eddison Tollett
21,Podrick Payne
21,Kraznys mo Nakloz
21,Missandei
21,Rast
21,Lord of Bones
21,Meryn Trant
21,Dongo
21,Mirelle
21,Boat commander
21,Margaery's handmaiden
21,Orphan kid
21,Unidentified Warlock
21,Unsullied 1 (Valar Dohaeris)
22,Tyrion Lannister
22,Jaime Lannister
22,Cersei Lannister
22,Jon Snow
22,Robb Stark
22,Catelyn Stark
22,Margaery Tyrell
22,Bran Stark
22,Joffrey Baratheon
22,Sansa Stark
22,Arya Stark
22,Theon Greyjoy
22,Talisa Stark
22,Gendry
22,Ygritte
22,Samwell Tarly
22,Jeor Mormont
22,Shae
22,Sandor Clegane
22,Olenna Tyrell
22,Mance Rayder
22,Orell
22,Thoros
22,Brienne of Tarth
22,Locke
22,Osha
22,Roose Bolton
22,Ramsay Bolton
22,Tormund
22,Loras
22,Jojen Reed
22,Meera Reed
22,Hot Pie
22,Rickard Karstark
22,Anguy
22,Grenn
22,Eddison Tollett
22,Rast
22,Hodor
22,Rickon Stark
22,Master Torturer
22,Riverlands traveller
22,King's Landing tailor
22,Tyrell servant
22,Brotherhood member
22,Eddard Stark
23,Tyrion Lannister
23,Jaime Lannister
23,Cersei Lannister
23,Daenerys Targaryen
23,Jon Snow
23,Robb Stark
23,Jorah Mormont
23,Catelyn Stark
23,Petyr Baelish
23,Tywin Lannister
23,Stannis Baratheon
23,Melisandre
23,Theon Greyjoy
23,Samwell Tarly
23,Arya Stark
23,Talisa Stark
23,Gendry
23,Ygritte
23,Jeor Mormont
23,Varys
23,Bronn
23,Sandor Clegane
23,Mance Rayder
23,Craster
23,Barristan Selmy
23,Brienne of Tarth
23,Orell
23,Thoros
23,Brynden Tully
23,Edmure Tully
23,Tormund
23,Ramsay Bolton
23,Locke
23,Grenn
23,Eddison Tollett
23,Rast
23,Karl Tanner
23,Gilly
23,Hot Pie
23,Ros
23,Podrick Payne
23,Anguy
23,Kraznys mo Nakloz
23,Missandei
23,Master Torturer
23,Bolton soldier (Walk of Punishment)
23,Craster's wives
23,Craster's younger wife (Walk of Punishment)
23,Marei
23,Genna
23,Kayla
23,Martyn Lannister
23,Willem Lannister
23,Othell Yarwyck
23,Hoster Tully
23,Brotherhood member
24,Tyrion Lannister
24,Jaime Lannister
24,Cersei Lannister
24,Daenerys Targaryen
24,Jorah Mormont
24,Catelyn Stark
24,Tywin Lannister
24,Margaery Tyrell
24,Theon Greyjoy
24,Bran Stark
24,Sansa Stark
24,Arya Stark
24,Samwell Tarly
24,Gendry
24,Joffrey Baratheon
24,Sandor Clegane
24,Varys
24,Jeor Mormont
24,Olenna Tyrell
24,Craster
24,Brienne of Tarth
24,Barristan Selmy
24,Thoros
24,Beric Dondarrion
24,Locke
24,Ramsay Bolton
24,Gilly
24,Jojen Reed
24,Karl Tanner
24,Grenn
24,Eddison Tollett
24,Rast
24,Kraznys mo Nakloz
24,Missandei
24,Ros
24,Anguy
24,Greizhen mo Ullhor
24,Sorcerer
24,Steelshanks
24,Night's Watch Officer 2
24,Brotherhood member
25,Tyrion Lannister
25,Jaime Lannister
25,Cersei Lannister
25,Daenerys Targaryen
25,Jon Snow
25,Robb Stark
25,Jorah Mormont
25,Catelyn Stark
25,Petyr Baelish
25,Tywin Lannister
25,Davos Seaworth
25,Stannis Baratheon
25,Margaery Tyrell
25,Talisa Stark
25,Sansa Stark
25,Arya Stark
25,Gendry
25,Ygritte
25,Sandor Clegane
25,Olenna Tyrell
25,Brienne of Tarth
25,Barristan Selmy
25,Roose Bolton
25,Thoros
25,Beric Dondarrion
25,Orell
25,Qyburn
25,Brynden Tully
25,Edmure Tully
25,Tormund
25,Locke
25,Loras
25,Rickard Karstark
25,Selyse Baratheon
25,Shireen Baratheon
25,Missandei
25,Grey Worm
25,Anguy
25,Podrick Payne
25,Olyvar
25,Martyn Lannister
25,Willem Lannister
25,Karstark lookout
25,Steelshanks
25,Night's Watch Officer 2
25,Brotherhood member
26,Tyrion Lannister
26,Jaime Lannister
26,Cersei Lannister
26,Jon Snow
26,Robb Stark
26,Catelyn Stark
26,Petyr Baelish
26,Tywin Lannister
26,Melisandre
26,Theon Greyjoy
26,Bran Stark
26,Sansa Stark
26,Arya Stark
26,Samwell Tarly
26,Gendry
26,Joffrey Baratheon
26,Ygritte
26,Varys
26,Shae
26,Olenna Tyrell
26,Brienne of Tarth
26,Roose Bolton
26,Thoros
26,Beric Dondarrion
26,Orell
26,Osha
26,Brynden Tully
26,Edmure Tully
26,Tormund
26,Ramsay Bolton
26,Gilly
26,Loras
26,Jojen Reed
26,Meera Reed
26,Ros
26,Anguy
26,Hodor
26,Lothar Frey
26,Walder Rivers
26,Unidentified handmaiden
26,Rickon Stark
26,Steelshanks
26,Brotherhood member
27,Tyrion Lannister
27,Jaime Lannister
27,Daenerys Targaryen
27,Jon Snow
27,Robb Stark
27,Jorah Mormont
27,Catelyn Stark
27,Tywin Lannister
27,Margaery Tyrell
27,Melisandre
27,Bran Stark
27,Sansa Stark
27,Arya Stark
27,Theon Greyjoy
27,Talisa Stark
27,Joffrey Baratheon
27,Gendry
27,Shae
27,Ygritte
27,Bronn
27,Sandor Clegane
27,Orell
27,Brienne of Tarth
27,Beric Dondarrion
27,Thoros
27,Locke
27,Osha
27,Qyburn
27,Roose Bolton
27,Brynden Tully
27,Edmure Tully
27,Barristan Selmy
27,Ramsay Bolton
27,Tormund
27,Jojen Reed
27,Meera Reed
27,Missandei
27,Grey Worm
27,Hodor
27,Anguy
27,Razdal mo Eraz
27,Steelshanks
27,Myranda
27,Violet
27,Rickon Stark
28,Tyrion Lannister
28,Cersei Lannister
28,Daenerys Targaryen
28,Jorah Mormont
28,Tywin Lannister
28,Davos Seaworth
28,Stannis Baratheon
28,Melisandre
28,Margaery Tyrell
28,Joffrey Baratheon
28,Sansa Stark
28,Arya Stark
28,Samwell Tarly
28,Gendry
28,Shae
28,Sandor Clegane
28,Varys
28,Bronn
28,Olenna Tyrell
28,Pycelle
28,Barristan Selmy
28,Gilly
28,Loras
28,Daario Naharis
28,Grey Worm
28,Missandei
28,Mero
28,Prendahl na Ghezn
28,Podrick Payne
28,Meryn Trant
28,High Septon (After the riot of King's Landing)
28,Yunkai'i whore
28,White Walker (Valar Morghulis)
29,Daenerys Targaryen
29,Jon Snow
29,Robb Stark
29,Jorah Mormont
29,Catelyn Stark
29,Samwell Tarly
29,Bran Stark
29,Arya Stark
29,Talisa Stark
29,Ygritte
29,Sandor Clegane
29,Walder Frey
29,Orell
29,Roose Bolton
29,Barristan Selmy
29,Brynden Tully
29,Edmure Tully
29,Tormund
29,Osha
29,Jojen Reed
29,Meera Reed
29,Gilly
29,Daario Naharis
29,Grey Worm
29,Missandei
29,Hodor
29,Lothar Frey
29,Walder Rivers
29,Septon (The Rains of Castamere)
29,Rickon Stark
29,Roslin Tully
29,Old man
29,Frey guard
29,Hog farmer
29,Joyeuse Erenford
29,Wendel Manderly
29,Drummer
29,Marianne Frey
30,Tyrion Lannister
30,Jaime Lannister
30,Cersei Lannister
30,Daenerys Targaryen
30,Jon Snow
30,Jorah Mormont
30,Tywin Lannister
30,Davos Seaworth
30,Stannis Baratheon
30,Melisandre
30,Bran Stark
30,Sansa Stark
30,Arya Stark
30,Theon Greyjoy
30,Joffrey Baratheon
30,Ygritte
30,Samwell Tarly
30,Gendry
30,Sandor Clegane
30,Varys
30,Shae
30,Walder Frey
30,Balon Greyjoy
30,Roose Bolton
30,Aemon
30,Pycelle
30,Brienne of Tarth
30,Ramsay Bolton
30,Barristan Selmy
30,Qyburn
30,Gilly
30,Jojen Reed
30,Meera Reed
30,Yara Greyjoy
30,Podrick Payne
30,Daario Naharis
30,Hodor
30,Missandei
30,Grey Worm
30,Pypar
30,Shireen Baratheon
30,Frey soldier 1
30,Frey soldier 2
30,Fruit vendor
30,Todder
30,Desmond Crakehall
30,Yunkai'i slave 1
30,Yunkai'i slave 2
30,Yunkai'i slave 3
30,Yunkai'i slave 4
30,Yunkai'i slave 5
31,Tyrion Lannister
31,Jaime Lannister
31,Cersei Lannister
31,Daenerys Targaryen
31,Jon Snow
31,Tywin Lannister
31,Margaery Tyrell
31,Joffrey Baratheon
31,Sansa Stark
31,Arya Stark
31,Samwell Tarly
31,Ygritte
31,Tormund
31,Sandor Clegane
31,Brienne of Tarth
31,Bronn
31,Shae
31,Jorah Mormont
31,Olenna Tyrell
31,Oberyn Martell
31,Ellaria Sand
31,Daario Naharis
31,Barristan Selmy
31,Aemon
31,Alliser Thorne
31,Qyburn
31,Grey Worm
31,Missandei
31,Janos Slynt
31,Podrick Payne
31,Meryn Trant
31,Dontos Hollard
31,Olyvar
31,Polliver
31,Morgan (Two Swords)
31,Morgan's friend
31,Thenn warg
31,Innkeeper
31,Blackmont (Lord)
31,Othell Yarwyck
31,Endrew Tarth
31,Unidentified handmaiden
31,Marei
31,Valyrian sword smith
31,Innkeeper's daughter
31,Whore 2 (Two Swords)
32,Tyrion Lannister
32,Jaime Lannister
32,Cersei Lannister
32,Tywin Lannister
32,Margaery Tyrell
32,Davos Seaworth
32,Stannis Baratheon
32,Melisandre
32,Theon Greyjoy
32,Joffrey Baratheon
32,Bran Stark
32,Sansa Stark
32,Brienne of Tarth
32,Shae
32,Ramsay Bolton
32,Varys
32,Bronn
32,Olenna Tyrell
32,Oberyn Martell
32,Ellaria Sand
32,Roose Bolton
32,Locke
32,Selyse Baratheon
32,Mace Tyrell
32,Loras
32,Jojen Reed
32,Meera Reed
32,Hodor
32,Tommen Baratheon
32,Podrick Payne
32,Meryn Trant
32,Dontos Hollard
32,Shireen Baratheon
32,Myranda
32,Tansy
32,High Septon (After the riot of King's Landing)
32,Walda Bolton
32,Axell Florent
32,Kayla
32,Musician 1 (The Lion and the Rose)
32,Musician 2 (The Lion and the Rose)
32,Musician 3 (The Lion and the Rose)
32,Dwarf 1
32,Dwarf 2
32,Dwarf 3
32,Dwarf 4
32,Dwarf 5
32,Three-eyed raven
32,Eddard Stark
33,Tyrion Lannister
33,Jaime Lannister
33,Cersei Lannister
33,Daenerys Targaryen
33,Jon Snow
33,Petyr Baelish
33,Tywin Lannister
33,Margaery Tyrell
33,Davos Seaworth
33,Stannis Baratheon
33,Joffrey Baratheon
33,Sansa Stark
33,Arya Stark
33,Sandor Clegane
33,Samwell Tarly
33,Ygritte
33,Tormund
33,Gilly
33,Brienne of Tarth
33,Varys
33,Jorah Mormont
33,Olenna Tyrell
33,Oberyn Martell
33,Ellaria Sand
33,Daario Naharis
33,Aemon
33,Barristan Selmy
33,Alliser Thorne
33,Janos Slynt
33,Grey Worm
33,Missandei
33,Grenn
33,Eddison Tollett
33,Podrick Payne
33,Dontos Hollard
33,Olyvar
33,Tommen Baratheon
33,Pypar
33,Meryn Trant
33,Hizdahr zo Loraq
33,Farmer Hamlet
33,Shireen Baratheon
33,Olly
33,Guymon
33,Olly's mother
33,Mole's Town whore
33,Mole's Town madam
33,Thenn warg
33,Othell Yarwyck
33,High Septon (After the riot of King's Landing)
33,Night's Watch man (Breaker of Chains)
33,Great Master 1 (Breaker of Chains)
33,Sally
33,Marei
33,Whore (The Warrior)
33,Great Master 2 (Breaker of Chains)
33,Slave (Breaker of Chains)
33,Hizdahr zo Loraq's manservant
33,Oznak zo Pahl
34,Tyrion Lannister
34,Jaime Lannister
34,Cersei Lannister
34,Daenerys Targaryen
34,Jon Snow
34,Petyr Baelish
34,Margaery Tyrell
34,Samwell Tarly
34,Bran Stark
34,Sansa Stark
34,Brienne of Tarth
34,Bronn
34,Jorah Mormont
34,Olenna Tyrell
34,Daario Naharis
34,Barristan Selmy
34,Alliser Thorne
34,Karl Tanner
34,Locke
34,Janos Slynt
34,Missandei
34,Grey Worm
34,Jojen Reed
34,Meera Reed
34,Hodor
34,Grenn
34,Eddison Tollett
34,Rast
34,Tommen Baratheon
34,Podrick Payne
34,Pypar
34,Olly
34,Great Master 1 (Breaker of Chains)
34,Mossador
34,Elder slave
34,White Walker (Oathkeeper)
34,Night King
34,Morag
34,Valyrian slave
34,Unsullied 1 (Oathkeeper)
34,Sissy
34,Craster's wife 2 (Oathkeeper)
34,Craster's wife 3 (Oathkeeper)
35,Jaime Lannister
35,Cersei Lannister
35,Daenerys Targaryen
35,Jon Snow
35,Petyr Baelish
35,Tywin Lannister
35,Margaery Tyrell
35,Bran Stark
35,Sansa Stark
35,Arya Stark
35,Sandor Clegane
35,Brienne of Tarth
35,Varys
35,Jorah Mormont
35,Oberyn Martell
35,Daario Naharis
35,Karl Tanner
35,Lysa Arryn
35,Barristan Selmy
35,Locke
35,Mace Tyrell
35,Jojen Reed
35,Meera Reed
35,Missandei
35,Grey Worm
35,Tommen Baratheon
35,Podrick Payne
35,Loras
35,Hodor
35,Grenn
35,Eddison Tollett
35,Rast
35,Morag
35,Robin Arryn
35,High Septon (After the riot of King's Landing)
35,Sissy
35,Donnel Waynwood
36,Tyrion Lannister
36,Jaime Lannister
36,Cersei Lannister
36,Daenerys Targaryen
36,Tywin Lannister
36,Margaery Tyrell
36,Davos Seaworth
36,Stannis Baratheon
36,Theon Greyjoy
36,Ramsay Bolton
36,Varys
36,Shae
36,Jorah Mormont
36,Oberyn Martell
36,Barristan Selmy
36,Tycho Nestoris
36,Mace Tyrell
36,Salladhor Saan
36,Missandei
36,Grey Worm
36,Yara Greyjoy
36,Loras
36,Tommen Baratheon
36,Meryn Trant
36,Hizdahr zo Loraq
36,Myranda
36,Goatherd (The Laws of Gods and Men)
36,First Mate
36,Lhara
36,Bathhouse prostitute
36,Ironborn in skiff
36,Bolton guard (The Laws of Gods and Men)
36,Hizdahr zo Loraq's manservant
36,Goatherd's son
37,Tyrion Lannister
37,Jaime Lannister
37,Cersei Lannister
37,Daenerys Targaryen
37,Jon Snow
37,Petyr Baelish
37,Melisandre
37,Samwell Tarly
37,Sansa Stark
37,Arya Stark
37,Sandor Clegane
37,Brienne of Tarth
37,Bronn
37,Jorah Mormont
37,Oberyn Martell
37,Daario Naharis
37,Alliser Thorne
37,Selyse Baratheon
37,Lysa Arryn
37,Janos Slynt
37,Dying man
37,Grenn
37,Eddison Tollett
37,Pypar
37,Podrick Payne
37,Robin Arryn
37,Olly
37,Rorge
37,Hot Pie
37,Gregor Clegane
37,Othell Yarwyck
37,Biter
38,Tyrion Lannister
38,Jaime Lannister
38,Cersei Lannister
38,Daenerys Targaryen
38,Jon Snow
38,Petyr Baelish
38,Tywin Lannister
38,Theon Greyjoy
38,Samwell Tarly
38,Sansa Stark
38,Arya Stark
38,Ygritte
38,Tormund
38,Gilly
38,Ramsay Bolton
38,Varys
38,Sandor Clegane
38,Jorah Mormont
38,Oberyn Martell
38,Ellaria Sand
38,Roose Bolton
38,Barristan Selmy
38,Mace Tyrell
38,Styr
38,Grey Worm
38,Missandei
38,Grenn
38,Eddison Tollett
38,Pypar
38,Anya Waynwood
38,Yohn Royce
38,Gregor Clegane
38,Ralf Kenning
38,Robin Arryn
38,Mole's Town whore
38,Adrack Humble
38,Donnel Waynwood
38,Vance Corbray
38,Mole's Town madam
38,Kegs
38,Jack Bulwer
38,Mully
38,Little Bird (The Mountain and the Viper)
39,Jon Snow
39,Samwell Tarly
39,Gilly
39,Ygritte
39,Tormund
39,Aemon
39,Alliser Thorne
39,Janos Slynt
39,Grenn
39,Eddison Tollett
39,Styr
39,Pypar
39,Olly
39,Thenn warg
39,Dongo
39,Mag Mar Tun Doh Weg
39,Cooper
39,Night's Watch archer
39,Donnel Hill
40,Tyrion Lannister
40,Jaime Lannister
40,Cersei Lannister
40,Daenerys Targaryen
40,Jon Snow
40,Tywin Lannister
40,Davos Seaworth
40,Stannis Baratheon
40,Melisandre
40,Samwell Tarly
40,Bran Stark
40,Arya Stark
40,Sandor Clegane
40,Ygritte
40,Tormund
40,Brienne of Tarth
40,Varys
40,Shae
40,Mance Rayder
40,Aemon
40,Pycelle
40,Qyburn
40,Barristan Selmy
40,Three-eyed raven
40,Jojen Reed
40,Meera Reed
40,Hodor
40,Selyse Baratheon
40,Janos Slynt
40,Grey Worm
40,Missandei
40,Grenn
40,Eddison Tollett
40,Pypar
40,Podrick Payne
40,Fennesz
40,Olly
40,Shireen Baratheon
40,Leaf
40,Gregor Clegane
40,Goatherd (The Children)
40,Dongo
40,Ternesio Terys
40,Child of the Forest 2 (The Children)
41,Tyrion Lannister
41,Jaime Lannister
41,Cersei Lannister
41,Daenerys Targaryen
41,Jon Snow
41,Petyr Baelish
41,Tywin Lannister
41,Margaery Tyrell
41,Stannis Baratheon
41,Davos Seaworth
41,Melisandre
41,Samwell Tarly
41,Sansa Stark
41,Tormund
41,Gilly
41,Varys
41,Brienne of Tarth
41,Daario Naharis
41,Missandei
41,Tommen Baratheon
41,Mance Rayder
41,Alliser Thorne
41,Barristan Selmy
41,Pycelle
41,Selyse Baratheon
41,Mace Tyrell
41,Grey Worm
41,Loras
41,Podrick Payne
41,Maggy
41,Janos Slynt
41,Hizdahr zo Loraq
41,Eddison Tollett
41,Lancel
41,Olyvar
41,Yohn Royce
41,Meryn Trant
41,Kevan Lannister
41,Olly
41,Shireen Baratheon
41,High Septon (After the riot of King's Landing)
41,Mossador
41,Bowen Marsh
41,Robin Arryn
41,Cersei Lannister
41,Melara Hetherspoon
41,White Rat
41,Samwell Stone
41,Vala
41,Sparring boy
41,Helliweg
42,Tyrion Lannister
42,Jaime Lannister
42,Cersei Lannister
42,Daenerys Targaryen
42,Jon Snow
42,Petyr Baelish
42,Stannis Baratheon
42,Davos Seaworth
42,Ellaria Sand
42,Arya Stark
42,Sansa Stark
42,Varys
42,Bronn
42,Samwell Tarly
42,Gilly
42,Brienne of Tarth
42,Missandei
42,Daario Naharis
42,Jaqen H'ghar
42,Aemon
42,Barristan Selmy
42,Pycelle
42,Qyburn
42,Selyse Baratheon
42,Alliser Thorne
42,Doran Martell
42,Grey Worm
42,Eddison Tollett
42,Janos Slynt
42,Podrick Payne
42,Mace Tyrell
42,Hizdahr zo Loraq
42,Areo Hotah
42,Kevan Lannister
42,Meryn Trant
42,Mossador
42,Shireen Baratheon
42,Olly
42,Myrcella Baratheon
42,Trystane Martell
42,Lollys Stokeworth
42,Jaqen H'ghar
42,Othell Yarwyck
42,Ternesio Terys
42,Denys Mallister
42,Bowen Marsh
42,Street tough
42,Mallister supporter
42,Eyrie guard
42,Street tough 2
42,Inn waitress
42,Son of the Harpy
42,Dwarf hunter 1
42,Dwarf hunter 2
43,Tyrion Lannister
43,Cersei Lannister
43,Jon Snow
43,Petyr Baelish
43,Margaery Tyrell
43,Stannis Baratheon
43,Davos Seaworth
43,Varys
43,Theon Greyjoy
43,Sansa Stark
43,Arya Stark
43,Samwell Tarly
43,Brienne of Tarth
43,Tommen Baratheon
43,Jaqen H'ghar
43,Roose Bolton
43,Ramsay Bolton
43,Jorah Mormont
43,High Sparrow
43,Pycelle
43,Qyburn
43,Alliser Thorne
43,Mace Tyrell
43,Eddison Tollett
43,Waif
43,Podrick Payne
43,Janos Slynt
43,Meryn Trant
43,Lancel
43,Olly
43,Olyvar
43,Loras
43,Myranda
43,Red Priestess (High Sparrow)
43,Walda Bolton
43,High Septon (After the riot of King's Landing)
43,Othell Yarwyck
43,Bowen Marsh
43,Old woman
43,Brothel guard
43,Despondent man
43,Sellsword (High Sparrow)
43,Sellsword 2 (High Sparrow)
43,Clea
43,Beggar woman
43,Whore (The Warrior)
43,Whore (The Smith)
43,Whore (The Mother)
43,Whore (The Maiden)
43,Whore (The Crone)
44,Tyrion Lannister
44,Jaime Lannister
44,Cersei Lannister
44,Daenerys Targaryen
44,Jon Snow
44,Petyr Baelish
44,Margaery Tyrell
44,Stannis Baratheon
44,Melisandre
44,Ellaria Sand
44,Samwell Tarly
44,Sansa Stark
44,Bronn
44,Daario Naharis
44,Missandei
44,Tommen Baratheon
44,Jorah Mormont
44,High Sparrow
44,Barristan Selmy
44,Pycelle
44,Qyburn
44,Selyse Baratheon
44,Mace Tyrell
44,Grey Worm
44,Meryn Trant
44,Hizdahr zo Loraq
44,Lancel
44,Eddison Tollett
44,Obara Sand
44,Tyene Sand
44,Nymeria Sand
44,Shireen Baratheon
44,Olly
44,Loras
44,Olyvar
44,Merchant captain
44,Lead Dornish guard
44,Marei
44,Vala
44,Faith Militant 2
44,Faith Militant 1
44,Second Son
44,Lead Kingsguard
44,Foreign merchant
44,Brothel customer
44,Whore (The Stranger)
44,Whore (The Warrior)
44,Whore (The Smith)
44,Whore (The Mother)
44,Whore (The Maiden)
44,Whore (The Crone)
45,Tyrion Lannister
45,Daenerys Targaryen
45,Jon Snow
45,Stannis Baratheon
45,Davos Seaworth
45,Melisandre
45,Theon Greyjoy
45,Samwell Tarly
45,Sansa Stark
45,Gilly
45,Daario Naharis
45,Missandei
45,Brienne of Tarth
45,Tormund
45,Roose Bolton
45,Ramsay Bolton
45,Jorah Mormont
45,Barristan Selmy
45,Aemon
45,Selyse Baratheon
45,Alliser Thorne
45,Grey Worm
45,Hizdahr zo Loraq
45,Eddison Tollett
45,Podrick Payne
45,Myranda
45,Shireen Baratheon
45,Olly
45,Walda Bolton
45,Othell Yarwyck
45,Bowen Marsh
45,Old woman
45,Great Master 1 (Kill the Boy)
45,Winter town man
45,Great Master 2 (Kill the Boy)
45,Great Master 3 (Kill the Boy)
45,Great Master 4
45,Great Master 5
45,Great Master 6
45,Great Master 7
46,Tyrion Lannister
46,Jaime Lannister
46,Cersei Lannister
46,Petyr Baelish
46,Margaery Tyrell
46,Ellaria Sand
46,Sansa Stark
46,Arya Stark
46,Bronn
46,Theon Greyjoy
46,Roose Bolton
46,Ramsay Bolton
46,Jaqen H'ghar
46,Tommen Baratheon
46,Jorah Mormont
46,Olenna Tyrell
46,High Sparrow
46,Doran Martell
46,Areo Hotah
46,Obara Sand
46,Tyene Sand
46,Nymeria Sand
46,Loras
46,Olyvar
46,Lancel
46,Waif
46,Malko
46,Trystane Martell
46,Myrcella Baratheon
46,Myranda
46,Walda Bolton
46,Joss (Unbowed Unbent Unbroken)
46,Ghita
47,Tyrion Lannister
47,Jaime Lannister
47,Cersei Lannister
47,Daenerys Targaryen
47,Jon Snow
47,Petyr Baelish
47,Margaery Tyrell
47,Stannis Baratheon
47,Davos Seaworth
47,Melisandre
47,Samwell Tarly
47,Tormund
47,Gilly
47,Tommen Baratheon
47,Theon Greyjoy
47,Sansa Stark
47,Ramsay Bolton
47,Brienne of Tarth
47,Bronn
47,Daario Naharis
47,Jorah Mormont
47,Olenna Tyrell
47,High Sparrow
47,Aemon
47,Alliser Thorne
47,Eddison Tollett
47,Areo Hotah
47,Yezzan zo Qaggaz
47,Obara Sand
47,Tyene Sand
47,Nymeria Sand
47,Podrick Payne
47,Hizdahr zo Loraq
47,Myrcella Baratheon
47,Olly
47,Lancel
47,Malko
47,Unella
47,Othell Yarwyck
47,Bowen Marsh
47,Derek
47,Brant
47,Tyrell guard (The Gift)
48,Tyrion Lannister
48,Cersei Lannister
48,Daenerys Targaryen
48,Jon Snow
48,Sansa Stark
48,Arya Stark
48,Samwell Tarly
48,Gilly
48,Tormund
48,Theon Greyjoy
48,Missandei
48,Jaqen H'ghar
48,Roose Bolton
48,Ramsay Bolton
48,Jorah Mormont
48,Qyburn
48,Eddison Tollett
48,Waif
48,Karsi
48,Yezzan zo Qaggaz
48,Loboda
48,Unella
48,Olly
48,Night King
48,Wun Weg Wun Dar Wun
48,Lord of Bones
48,Dim Dalba
48,Todder
48,Thin man
48,Lhara
48,Braavosi captain
48,White Walker (Hardhome)
48,Johnna
48,Willa
49,Tyrion Lannister
49,Jaime Lannister
49,Daenerys Targaryen
49,Jon Snow
49,Stannis Baratheon
49,Davos Seaworth
49,Melisandre
49,Ellaria Sand
49,Arya Stark
49,Bronn
49,Samwell Tarly
49,Tormund
49,Jaqen H'ghar
49,Daario Naharis
49,Missandei
49,Jorah Mormont
49,Alliser Thorne
49,Selyse Baratheon
49,Tycho Nestoris
49,Doran Martell
49,Areo Hotah
49,Hizdahr zo Loraq
49,Meryn Trant
49,Mace Tyrell
49,Eddison Tollett
49,Obara Sand
49,Tyene Sand
49,Nymeria Sand
49,Myrcella Baratheon
49,Trystane Martell
49,Shireen Baratheon
49,Olly
49,Wun Weg Wun Dar Wun
49,Fighting pit announcer
49,Thin man
49,Braavosi madam
49,Young bravo
49,Lhara
49,Willa
49,Johnna
49,Othell Yarwyck
49,Bowen Marsh
49,Lannister guard 1
49,Brusco
49,Sailor (The Dance of Dragons)
49,Baratheon soldier
49,Anara
49,Brea
49,Braavosi prostitute
49,Lannister guard 2
49,Baratheon General
50,Tyrion Lannister
50,Jaime Lannister
50,Cersei Lannister
50,Daenerys Targaryen
50,Jon Snow
50,Stannis Baratheon
50,Davos Seaworth
50,Melisandre
50,Ellaria Sand
50,Arya Stark
50,Sansa Stark
50,Samwell Tarly
50,Gilly
50,Missandei
50,Daario Naharis
50,Varys
50,Bronn
50,Theon Greyjoy
50,Ramsay Bolton
50,Brienne of Tarth
50,Jaqen H'ghar
50,Jorah Mormont
50,High Sparrow
50,Alliser Thorne
50,Selyse Baratheon
50,Meryn Trant
50,Qyburn
50,Pycelle
50,Doran Martell
50,Grey Worm
50,Podrick Payne
50,Waif
50,Areo Hotah
50,Obara Sand
50,Tyene Sand
50,Nymeria Sand
50,Olly
50,Myranda
50,Kevan Lannister
50,Myrcella Baratheon
50,Trystane Martell
50,Unella
50,Gregor Clegane
50,Othell Yarwyck
50,Bowen Marsh
50,Baratheon General
50,Moelle
50,Scolera
50,Ghita
50,Brothel child 1
50,Brothel child 2
50,Baratheon soldier (Mother's Mercy)
50,Baratheon soldier
50,Gordy
50,Simpson
50,Woodcutter
50,King's Landing drunkard
50,King's Landing whore (Mother's Mercy)
50,King's Landing flasher
50,King's Landing flasher 2
50,Cersei Lannister
51,Tyrion Lannister
51,Jaime Lannister
51,Cersei Lannister
51,Daenerys Targaryen
51,Jon Snow
51,Davos Seaworth
51,Melisandre
51,Margaery Tyrell
51,Ellaria Sand
51,Sansa Stark
51,Arya Stark
51,Varys
51,Theon Greyjoy
51,Brienne of Tarth
51,High Sparrow
51,Daario Naharis
51,Roose Bolton
51,Ramsay Bolton
51,Jorah Mormont
51,Alliser Thorne
51,Eddison Tollett
51,Doran Martell
51,Areo Hotah
51,Waif
51,Podrick Payne
51,Obara Sand
51,Tyene Sand
51,Nymeria Sand
51,Unella
51,Trystane Martell
51,Olly
51,Gregor Clegane
51,Myranda
51,Moro
51,Qhono
51,Moro's wife 1
51,Moro's wife 2
51,Zanrush
51,Wolkan
51,Moro's bloodrider 1
51,Moro's bloodrider 2
51,Unidentified handmaiden
51,Loyal Night's Watch man 1
51,Loyal Night's Watch man 2
51,Night's Watch man 1
51,Night's Watch man 2
51,Bolton officer
51,Bolton soldier (The Red Woman)
51,Meereenese homeless mother
51,Caleotte
52,Tyrion Lannister
52,Jaime Lannister
52,Cersei Lannister
52,Jon Snow
52,Davos Seaworth
52,Melisandre
52,Sansa Stark
52,Missandei
52,Arya Stark
52,Varys
52,High Sparrow
52,Tormund
52,Theon Greyjoy
52,Jaqen H'ghar
52,Ramsay Bolton
52,Roose Bolton
52,Brienne of Tarth
52,Tommen Baratheon
52,Bran Stark
52,Three-eyed raven
52,Balon Greyjoy
52,Alliser Thorne
52,Eddison Tollett
52,Euron Greyjoy
52,Aeron Greyjoy
52,Grey Worm
52,Yara Greyjoy
52,Hodor
52,Waif
52,Meera Reed
52,Podrick Payne
52,Wun Weg Wun Dar Wun
52,Leaf
52,Gregor Clegane
52,Walda Bolton
52,King's Landing boaster
52,Wolkan
52,Harald Karstark
52,Olly
52,Myrcella Baratheon
52,Old Nan
52,Hodor
52,Rodrik Cassel
52,Lannister captain (Home)
52,Eddard Stark
52,Lyanna Stark
52,Benjen Stark
52,Night's Watch man 1
52,Night's Watch man 2
52,Loyal Night's Watch man 2
52,Loyal Night's Watch man 1
53,Tyrion Lannister
53,Jaime Lannister
53,Cersei Lannister
53,Daenerys Targaryen
53,Jon Snow
53,Davos Seaworth
53,Melisandre
53,Missandei
53,Arya Stark
53,Varys
53,Tormund
53,Bran Stark
53,Samwell Tarly
53,Ramsay Bolton
53,High Sparrow
53,Tommen Baratheon
53,Gilly
53,Jaqen H'ghar
53,Three-eyed raven
53,Olenna Tyrell
53,Alliser Thorne
53,Qyburn
53,Pycelle
53,Grey Worm
53,Osha
53,Eddison Tollett
53,Waif
53,Mace Tyrell
53,Kevan Lannister
53,Gregor Clegane
53,Olly
53,Leaf
53,Smalljon Umber
53,Harald Karstark
53,Rickon Stark
53,Vala
53,Moro
53,High Priestess of the Dosh Khaleen
53,Qhono
53,Ornela
53,Dothraki widow 2
53,Eddard Stark
53,Arthur Dayne
53,Gerold Hightower
53,Dothraki widow 3
53,Moro's bloodrider 1
53,Moro's bloodrider 2
53,Frances
53,Arthur
53,Little Bird 3
53,Little Bird 4
53,Little Bird 5
53,Little Bird 6
53,Little Bird 7
53,Howland Reed
54,Tyrion Lannister
54,Jaime Lannister
54,Cersei Lannister
54,Daenerys Targaryen
54,Jon Snow
54,Margaery Tyrell
54,Petyr Baelish
54,Davos Seaworth
54,Melisandre
54,Sansa Stark
54,Missandei
54,Varys
54,Tormund
54,High Sparrow
54,Daario Naharis
54,Tommen Baratheon
54,Ramsay Bolton
54,Brienne of Tarth
54,Theon Greyjoy
54,Jorah Mormont
54,Olenna Tyrell
54,Eddison Tollett
54,Grey Worm
54,Osha
54,Yara Greyjoy
54,Loras
54,Pycelle
54,Kevan Lannister
54,Yohn Royce
54,Podrick Payne
54,Unella
54,Robin Arryn
54,Yezzan zo Qaggaz
54,Razdal mo Eraz
54,Ash
54,Kesh
54,Moro
54,Forzho
54,High Priestess of the Dosh Khaleen
54,Ornela
54,Qhono
54,Iggo
54,Brozho
54,Rhalko
54,Qorro
54,Moro's wife 2
54,Dothraki widow 3
54,Dothraki widow 2
54,Moro's bloodrider 1
54,Moro's bloodrider 2
54,Night's Watch man (Book of the Stranger)
54,Loyal Night's Watch man 2
54,Dothraki woman having sex (Book of the Stranger)
54,Dothraki man having sex (Book of the Stranger)
55,Tyrion Lannister
55,Daenerys Targaryen
55,Jon Snow
55,Petyr Baelish
55,Davos Seaworth
55,Melisandre
55,Sansa Stark
55,Missandei
55,Arya Stark
55,Varys
55,Bran Stark
55,Tormund
55,Theon Greyjoy
55,Daario Naharis
55,Brienne of Tarth
55,Jaqen H'ghar
55,Jorah Mormont
55,Three-eyed raven
55,Hodor
55,Izembaro
55,Lady Crane
55,Euron Greyjoy
55,Yara Greyjoy
55,Eddison Tollett
55,Meera Reed
55,Waif
55,Grey Worm
55,Aeron Greyjoy
55,Leaf
55,Podrick Payne
55,Ironborn 1 (The Door)
55,Camello
55,Bobono
55,Bianca
55,Clarenzo
55,Mummer (Margaery Tyrell)
55,Night King
55,Kinvara
55,Zanrush
55,Old Nan
55,Hodor
55,Rickard Stark
55,Eddard Stark
55,Benjen Stark
55,Rodrik Cassel
55,Braavosi woman 1 (The Door)
55,Braavosi woman 2 (The Door)
55,Night's Watch man (Book of the Stranger)
55,Night's Watch man (The Door)
55,Ironborn 2 (The Door)
55,Ironborn 3 (The Door)
55,Mummer 1
55,Mummer 2
55,Mummer 3
55,Musician 1 (The Door)
55,Musician 2 (The Door)
55,Musician 3 (The Door)
55,Musician 4 (The Door)
55,Musician 5 (The Door)
56,Jaime Lannister
56,Cersei Lannister
56,Daenerys Targaryen
56,Margaery Tyrell
56,Arya Stark
56,High Sparrow
56,Samwell Tarly
56,Bran Stark
56,Daario Naharis
56,Jaqen H'ghar
56,Tommen Baratheon
56,Gilly
56,Olenna Tyrell
56,Izembaro
56,Walder Frey
56,Lady Crane
56,Benjen Stark
56,Edmure Tully
56,Meera Reed
56,Waif
56,Mace Tyrell
56,Kevan Lannister
56,Unella
56,Randyll Tarly
56,Melessa Tarly
56,Lancel
56,Walder Rivers
56,Lothar Frey
56,Camello
56,Bobono
56,Bianca
56,Clarenzo
56,Mummer (Margaery Tyrell)
56,Aerys II Targaryen
56,Dickon Tarly
56,Talla Tarly
56,Eddard Stark
56,Tyrell bannerman
56,Kitty Frey
56,Mummer 1
56,Mummer 2
56,Mummer 3
56,Sam
56,Musician 1 (The Door)
56,Musician 2 (The Door)
56,Musician 3 (The Door)
56,Musician 4 (The Door)
56,Musician 5 (The Door)
57,Jaime Lannister
57,Cersei Lannister
57,Jon Snow
57,Margaery Tyrell
57,Davos Seaworth
57,Sansa Stark
57,Sandor Clegane
57,Arya Stark
57,High Sparrow
57,Tormund
57,Bronn
57,Theon Greyjoy
57,Ray
57,Olenna Tyrell
57,Brynden Tully
57,Edmure Tully
57,Yara Greyjoy
57,Waif
57,Lem
57,Robett Glover
57,Wun Weg Wun Dar Wun
57,Gregor Clegane
57,Walder Rivers
57,Lothar Frey
57,Morgan
57,Dim Dalba
57,Unella
57,Lyanna Mormont
57,Waif
57,Westerosi trader (The Broken Man)
57,Bear Island maester
57,Volantene whore (The Broken Man)
57,Northman rioter
57,Wildling rioter
57,Volantene whore 2
57,Volantene whore 3
57,Volantene whore 4
57,Volantene whore 5
58,Tyrion Lannister
58,Jaime Lannister
58,Cersei Lannister
58,Daenerys Targaryen
58,Missandei
58,Arya Stark
58,Varys
58,Sandor Clegane
58,Bronn
58,Brienne of Tarth
58,Jaqen H'ghar
58,Tommen Baratheon
58,Izembaro
58,Lady Crane
58,Pycelle
58,Qyburn
58,Kevan Lannister
58,Waif
58,Grey Worm
58,Beric Dondarrion
58,Thoros
58,Brynden Tully
58,Edmure Tully
58,Walder Rivers
58,Lothar Frey
58,Podrick Payne
58,Lancel
58,Mace Tyrell
58,Gregor Clegane
58,Lem
58,Red Priestess (No One)
58,Bobono
58,Clarenzo
58,Tully bannerman (No One)
58,Gatins
58,Morgan
58,Riddell
58,Steve
58,Lannister soldier (No One)
58,Waif
58,Musician 1 (The Door)
58,Musician 2 (The Door)
58,Musician 3 (The Door)
58,Musician 4 (The Door)
58,Musician 5 (The Door)
58,Brotherhood member
59,Tyrion Lannister
59,Jon Snow
59,Daenerys Targaryen
59,Davos Seaworth
59,Sansa Stark
59,Petyr Baelish
59,Melisandre
59,Missandei
59,Tormund
59,Ramsay Bolton
59,Theon Greyjoy
59,Daario Naharis
59,Grey Worm
59,Yara Greyjoy
59,Wun Weg Wun Dar Wun
59,Yezzan zo Qaggaz
59,Harald Karstark
59,Smalljon Umber
59,Rickon Stark
59,Lyanna Mormont
59,Razdal mo Eraz
59,Belicho Paenymion
59,Captain of the archers (House Bolton)
59,Bolton general
59,Northman archer (Battle of the Bastards)
60,Tyrion Lannister
60,Jaime Lannister
60,Cersei Lannister
60,Jon Snow
60,Daenerys Targaryen
60,Margaery Tyrell
60,Davos Seaworth
60,Sansa Stark
60,Petyr Baelish
60,Melisandre
60,Missandei
60,Ellaria Sand
60,Arya Stark
60,High Sparrow
60,Varys
60,Tommen Baratheon
60,Tormund
60,Samwell Tarly
60,Bran Stark
60,Bronn
60,Theon Greyjoy
60,Daario Naharis
60,Gilly
60,Olenna Tyrell
60,Walder Frey
60,Pycelle
60,Qyburn
60,Benjen Stark
60,Loras
60,Kevan Lannister
60,Mace Tyrell
60,Grey Worm
60,Yara Greyjoy
60,Meera Reed
60,Lancel
60,Obara Sand
60,Tyene Sand
60,Nymeria Sand
60,Yohn Royce
60,Robett Glover
60,Gregor Clegane
60,Unella
60,Lothar Frey
60,Walder Rivers
60,Eddard Stark
60,Lyanna Stark
60,Citadel maester (The Winds of Winter)
60,Lyanna Mormont
60,Marei
60,Unidentified handmaiden
60,Attendant (The Winds of Winter)
60,Tommen's manservant
60,Wyman Manderly
60,Cley Cerwyn
60,Arthur
60,Frances
60,Little Bird 4
60,Little Bird 6
60,Little Bird 7
60,Little Bird 3
60,Little Bird 5
